<suite name = "My Project All Sites">

    <listeners>
       <!-- <listener class-name = "org.testng.reporters.EmailableReporter2"></listener>  -->
        <listener class-name = "ExtentReportsDemo.util.MyExtentReportListener"></listener>
    </listeners>

    <test name = "module1">
        <classes>
            <class name="TestNG.Demo2.AISites"/>
            <class name="TestNG.Demo2.JobSites"/>
        </classes>

    </test>


    <test name = "module2">
        <classes>
            <class name="TestNG.Demo2.SocialSites"/>
        </classes>
    </test>
</suite>